<?xml version="1.0" encoding="windows-1252"?>
<Collection name="Data Exporter" guid="{83462A27-0828-44B2-B38A-BCC350056791}" system="No" updatable="Yes" blockNavigatorNode="No">
	<HelpLink>http://wiki.kmacloud.net/index.php?title=Data_Exporter</HelpLink>
	<Help></Help>
	<Addon name="Data Export" guid="{00660C39-1184-4F04-AE5B-C4CEBCC75F4E}" type="Tool">
		<Copy></Copy>
		<CopyText><![CDATA[<div class="exportContent" ng-app="gcApp" ng-controller="gcCtrl">

	<div class="box" ng-show="showForm01">
	  <br/>
	  <h2> Select Content to Export</h2>
	  <select id="js-content"  name="content" ng-model="contentID" ng-options="onecontent.id as  onecontent.name for onecontent in contentList" required>
		<option value="">Select</option>
	  </select>
	  <br/>
	  <br/>
	  <button type="button" ng-click="processCDefList(contentID)">Next</button>
	</div>

	<div class="box"  ng-show="showForm02">
		<div>
			<div>
				<h4>Check Fields to Export</h4>
			</div>
			<div>
				<table>
				<tr>
					<th>Select</th>
					<th>Field Name</th>
				</tr>
				<tr ng-repeat="onecontentField in contentFieldList">
					<td><input type="checkbox" ng-model="onecontentField.selected"></td>
					<td><span>{{onecontentField.caption}}</span></td>
				</tr>
				</table>
			</div>
		</div>
		<br/>
	  <button type="button" ng-click="processCDefFields()">Process Export</button>
	</div>

	<div class="box"  ng-show="showForm03">
		<div>
			<div>
				<h4>Export Process Result</h4>
			</div>
			<div>
			<p>Please go to <a href="/admin/index.php?af=30">Download Manager</a> to review your data export.</p>
			<br/>
			<p>Thank You.</p>
			</div>
		</div>
	</div>
	
	
</div>


<style>
.box {       
        background-color:white;
        font-weight:bold;
        margin:50px auto;
        width: 300px;
        padding: 20px 30px;
    }
	
.exportContent table, .exportContent th , .exportContent td {
  border: 1px solid grey;
  border-collapse: collapse;
  padding: 5px;
}
.exportContent table tr:nth-child(odd) {
  background-color: #f1f1f1;
}
.exportContent table tr:nth-child(even) {
  background-color: #ffffff;
}
</style>]]></CopyText>
		<ActiveXProgramID></ActiveXProgramID>
		<DotNetClass></DotNetClass>
		<ArgumentList></ArgumentList>
		<AsAjax>No</AsAjax>
		<Filter>No</Filter>
		<Help></Help>
		<HelpLink></HelpLink>
		<Icon Link="" width="0" height="0" sprites="0" />
		<InIframe>No</InIframe>
		<BlockEditTools>No</BlockEditTools>
		<FormXML></FormXML>
		<IncludeAddon name="JQuery" guid="{9C882078-0DAC-48E3-AD4B-CF2AA230DF80}"/>
		<IncludeAddon name="AngularJs" guid="{ABE375ED-EB0D-4B13-B9BC-DF117210ADC4}"/>
		<IsInline>No</IsInline>
		<JavascriptOnLoad></JavascriptOnLoad>
		<JavascriptInHead><![CDATA[var myApp = angular.module('gcApp', [], function($httpProvider) {
  // Use x-www-form-urlencoded Content-Type
  $httpProvider.defaults.headers.post['Content-Type'] = 'application/x-www-form-urlencoded;charset=utf-8';
  /**
   * The workhorse; converts an object to x-www-form-urlencoded serialization.
   * @param {Object} obj
   * @return {String}
   */ 
  var param = function(obj) {
    var query = '', name, value, fullSubName, subName, subValue, innerObj, i;
    for(name in obj) {
      value = obj[name];
      if(value instanceof Array) {
        for(i=0; i<value.length; ++i) {
          subValue = value[i];
          fullSubName = name + '[' + i + ']';
          innerObj = {};
          innerObj[fullSubName] = subValue;
          query += param(innerObj) + '&';
        }
      }
      else if(value instanceof Object) {
        for(subName in value) {
          subValue = value[subName];
          fullSubName = name + '[' + subName + ']';
          innerObj = {};
          innerObj[fullSubName] = subValue;
          query += param(innerObj) + '&';
        }
      }
      else if(value !== undefined && value !== null)
        query += encodeURIComponent(name) + '=' + encodeURIComponent(value) + '&';
    }
    return query.length ? query.substr(0, query.length - 1) : query;
  };
  // Override $http service's default transformRequest
  $httpProvider.defaults.transformRequest = [function(data) {
    return angular.isObject(data) && String(data) !== '[object File]' ? param(data) : data;
  }];
});

myApp.service('dataSvc', function ($http) {
	//*****************************
 	this.getData = function(url) {
		return $http.get(url)
		.then( function(result){
			//console.debug( 'return Get Data OK' );
			return result.data
		}, function(error) {
			console.error( 'Error: getData callback' );
		})
	}
	//*****************************
	this.sendPostData = function(addonName,jsonDataObject) {
	return $http.post('/index.php?remotemethodaddon=' + addonName + '&RequestBinary=True', { jsonData : JSON.stringify(jsonDataObject) } )
		//return $http.post(addonName, { jsonData : JSON.stringify(jsonDataObject) } )
		.then( function(result){
			//console.debug( 'return Post Data OK' );
			return result.data
		}, function(error) {
			console.error("Error: sendPostData callback");
		})
	}
	//*****************************
});

myApp.controller('gcCtrl', function($scope, dataSvc) {

	$scope.showForm01= false;
	$scope.showForm02= false;
	$scope.showForm03= false;
	
	dataSvc.getData('/remoteContentDefinitionList').then(function(data){
		$scope.contentList = data.dataSets[0].data;
		$scope.showForm01= true;
	});

	$scope.processCDefList = function(id){
		$scope.actualContentID = id;
			console.log('Sending to the server CDef id: '+ id);
		dataSvc.getData('/remoteContentDefinitionFieldList?contentID='+ id).then(function(data){
			//console.debug( JSON.stringify(data));
			$scope.contentFieldList = data.dataSets[0].data;
			console.log($scope.contentFieldList);
			$scope.showForm01= false;
			$scope.showForm02= true;
		});
	}

	$scope.processCDefFields = function(){
		console.log('actual content: ' + $scope.actualContentID);
		
		// Process selected fields
		angular.forEach($scope.contentFieldList, function(item){
			if (item.selected){
				console.log(item.caption);
			}
		})		
		//
		
		// Send JSON Data to the server
		
	dataSvc.sendPostData('remoteProcessContentDefinitionList&contentID='+$scope.actualContentID,$scope.contentFieldList).then(function(data){
		//var result = data.dataSets[0].data;
		console.log('Back from process select');
			$scope.showForm01= false;
			$scope.showForm02= false;
			$scope.showForm03= true;
	});
		
	}
	
});

]]></JavascriptInHead>
		<JavascriptBodyEnd></JavascriptBodyEnd>
		<MetaDescription></MetaDescription>
		<OtherHeadTags></OtherHeadTags>
		<Content>No</Content>
		<Template>No</Template>
		<Email>No</Email>
		<Admin>No</Admin>
		<OnPageEndEvent>No</OnPageEndEvent>
		<OnPageStartEvent>No</OnPageStartEvent>
		<OnBodyStart>No</OnBodyStart>
		<OnBodyEnd>No</OnBodyEnd>
		<RemoteMethod>No</RemoteMethod>
		<ProcessRunOnce>No</ProcessRunOnce>
		<ProcessInterval>0</ProcessInterval>
		<PageTitle></PageTitle>
		<RemoteAssetLink></RemoteAssetLink>
		<Styles></Styles>
		<Scripting Language="" EntryPoint="" Timeout="5000"/>
	</Addon>
	<Addon name="remoteContentDefinitionFieldList" guid="{6204DA88-192C-4733-AFC9-46B36300F113}" type="Add-on">
		<Copy></Copy>
		<CopyText></CopyText>
		<ActiveXProgramID></ActiveXProgramID>
		<DotNetClass><![CDATA[contensive.addon.aoExportData.contentDefinitionFieldListClass]]></DotNetClass>
		<ArgumentList></ArgumentList>
		<AsAjax>No</AsAjax>
		<Filter>No</Filter>
		<Help></Help>
		<HelpLink></HelpLink>
		<Icon Link="" width="0" height="0" sprites="0" />
		<InIframe>No</InIframe>
		<BlockEditTools>No</BlockEditTools>
		<FormXML></FormXML>
		<IsInline>No</IsInline>
		<JavascriptOnLoad></JavascriptOnLoad>
		<JavascriptInHead></JavascriptInHead>
		<JavascriptBodyEnd></JavascriptBodyEnd>
		<MetaDescription></MetaDescription>
		<OtherHeadTags></OtherHeadTags>
		<Content>No</Content>
		<Template>No</Template>
		<Email>No</Email>
		<Admin>No</Admin>
		<OnPageEndEvent>No</OnPageEndEvent>
		<OnPageStartEvent>No</OnPageStartEvent>
		<OnBodyStart>No</OnBodyStart>
		<OnBodyEnd>No</OnBodyEnd>
		<RemoteMethod>Yes</RemoteMethod>
		<ProcessRunOnce>No</ProcessRunOnce>
		<ProcessInterval>0</ProcessInterval>
		<PageTitle></PageTitle>
		<RemoteAssetLink></RemoteAssetLink>
		<Styles></Styles>
		<Scripting Language="" EntryPoint="" Timeout="5000"/>
	</Addon>
	<Addon name="remoteContentDefinitionList" guid="{0FD10150-CD24-408F-8BFF-A3A865E22364}" type="Add-on">
		<Copy></Copy>
		<CopyText></CopyText>
		<ActiveXProgramID></ActiveXProgramID>
		<DotNetClass><![CDATA[contensive.addon.aoExportData.contentDefinitionListClass]]></DotNetClass>
		<ArgumentList></ArgumentList>
		<AsAjax>No</AsAjax>
		<Filter>No</Filter>
		<Help></Help>
		<HelpLink></HelpLink>
		<Icon Link="" width="0" height="0" sprites="0" />
		<InIframe>No</InIframe>
		<BlockEditTools>No</BlockEditTools>
		<FormXML></FormXML>
		<IsInline>No</IsInline>
		<JavascriptOnLoad></JavascriptOnLoad>
		<JavascriptInHead></JavascriptInHead>
		<JavascriptBodyEnd></JavascriptBodyEnd>
		<MetaDescription></MetaDescription>
		<OtherHeadTags></OtherHeadTags>
		<Content>No</Content>
		<Template>No</Template>
		<Email>No</Email>
		<Admin>No</Admin>
		<OnPageEndEvent>No</OnPageEndEvent>
		<OnPageStartEvent>No</OnPageStartEvent>
		<OnBodyStart>No</OnBodyStart>
		<OnBodyEnd>No</OnBodyEnd>
		<RemoteMethod>Yes</RemoteMethod>
		<ProcessRunOnce>No</ProcessRunOnce>
		<ProcessInterval>0</ProcessInterval>
		<PageTitle></PageTitle>
		<RemoteAssetLink></RemoteAssetLink>
		<Styles></Styles>
		<Scripting Language="" EntryPoint="" Timeout="5000"/>
	</Addon>
	<Addon name="remoteProcessContentDefinitionList" guid="{09DD2F25-EC60-4892-AA52-9C6B88B01B89}" type="Add-on">
		<Copy></Copy>
		<CopyText></CopyText>
		<ActiveXProgramID></ActiveXProgramID>
		<DotNetClass><![CDATA[contensive.addon.aoExportData.contentDefinitionFieldProcessClass]]></DotNetClass>
		<ArgumentList></ArgumentList>
		<AsAjax>No</AsAjax>
		<Filter>No</Filter>
		<Help></Help>
		<HelpLink></HelpLink>
		<Icon Link="" width="0" height="0" sprites="0" />
		<InIframe>No</InIframe>
		<BlockEditTools>No</BlockEditTools>
		<FormXML></FormXML>
		<IsInline>No</IsInline>
		<JavascriptOnLoad></JavascriptOnLoad>
		<JavascriptInHead></JavascriptInHead>
		<JavascriptBodyEnd></JavascriptBodyEnd>
		<MetaDescription></MetaDescription>
		<OtherHeadTags></OtherHeadTags>
		<Content>No</Content>
		<Template>No</Template>
		<Email>No</Email>
		<Admin>No</Admin>
		<OnPageEndEvent>No</OnPageEndEvent>
		<OnPageStartEvent>No</OnPageStartEvent>
		<OnBodyStart>No</OnBodyStart>
		<OnBodyEnd>No</OnBodyEnd>
		<RemoteMethod>Yes</RemoteMethod>
		<ProcessRunOnce>No</ProcessRunOnce>
		<ProcessInterval>0</ProcessInterval>
		<PageTitle></PageTitle>
		<RemoteAssetLink></RemoteAssetLink>
		<Styles></Styles>
		<Scripting Language="" EntryPoint="" Timeout="5000"/>
	</Addon>
	<ImportCollection name="AngularJs">{79FB201D-11F0-4BDB-9EBE-B200092FA4FF}</ImportCollection>
</Collection>